{
    "colors": [
        [
            1.0,
            1.0,
            1.0,
            1.0
        ],
        [
            1.0,
            1.0,
            1.0,
            1.0
        ],
        [
            1.0,
            1.0,
            1.0,
            1.0
        ],
        [
            1.0,
            1.0,
            1.0,
            1.0
        ],
        [
            1.0,
            1.0,
            1.0,
            1.0
        ],
        [
            1.0,
            1.0,
            1.0,
            1.0
        ],
        [
            1.0,
            1.0,
            1.0,
            1.0
        ],
        [
            1.0,
            1.0,
            1.0,
            1.0
        ],
        [
            1.0,
            1.0,
            1.0,
            1.0
        ],
        [
            1.0,
            1.0,
            1.0,
            1.0
        ],
        [
            1.0,
            1.0,
            1.0,
            1.0
        ],
        [
            1.0,
            1.0,
            1.0,
            1.0
        ],
        [
            1.0,
            1.0,
            1.0,
            1.0
        ],
        [
            1.0,
            1.0,
            1.0,
            1.0
        ],
        [
            1.0,
            1.0,
            1.0,
            1.0
        ],
        [
            1.0,
            1.0,
            1.0,
            1.0
        ],
        [
            1.0,
            1.0,
            1.0,
            1.0
        ],
        [
            1.0,
            1.0,
            1.0,
            1.0
        ],
        [
            1.0,
            1.0,
            1.0,
            1.0
        ],
        [
            1.0,
            1.0,
            1.0,
            1.0
        ],
        [
            1.0,
            1.0,
            1.0,
            1.0
        ],
        [
            1.0,
            1.0,
            1.0,
            1.0
        ],
        [
            1.0,
            1.0,
            1.0,
            1.0
        ],
        [
            1.0,
            1.0,
            1.0,
            1.0
        ],
        [
            1.0,
            1.0,
            1.0,
            1.0
        ],
        [
            1.0,
            1.0,
            1.0,
            1.0
        ]
    ],
    "parameters": {
        "Bias": 0.0,
        "Continuity": 0.0,
        "Tension": 0.0
    },
    "vertices": [
        [
            0.4312500059604645,
            0.1862500011920929,
            0.0
        ],
        [
            0.42250001430511475,
            0.39375001192092896,
            0.0
        ],
        [
            0.375,
            0.45875000953674316,
            0.0
        ],
        [
            0.2874999940395355,
            0.5550000071525574,
            0.0
        ],
        [
            0.30375000834465027,
            0.5874999761581421,
            0.0
        ],
        [
            0.3687500059604645,
            0.5112500190734863,
            0.0
        ],
        [
            0.4124999940395355,
            0.4987500011920929,
            0.0
        ],
        [
            0.4412499964237213,
            0.5112500190734863,
            0.0
        ],
        [
            0.4399999976158142,
            0.5950000286102295,
            0.0
        ],
        [
            0.4387499988079071,
            0.7162500023841858,
            0.0
        ],
        [
            0.48374998569488525,
            0.762499988079071,
            0.0
        ],
        [
            0.5274999737739563,
            0.7174999713897705,
            0.0
        ],
        [
            0.5274999737739563,
            0.6424999833106995,
            0.0
        ],
        [
            0.5287500023841858,
            0.5762500166893005,
            0.0
        ],
        [
            0.5325000286102295,
            0.4975000023841858,
            0.0
        ],
        [
            0.5774999856948853,
            0.49125000834465027,
            0.0
        ],
        [
            0.6162499785423279,
            0.5612499713897705,
            0.0
        ],
        [
            0.6312500238418579,
            0.6287500262260437,
            0.0
        ],
        [
            0.668749988079071,
            0.6175000071525574,
            0.0
        ],
        [
            0.6362500190734863,
            0.5037500262260437,
            0.0
        ],
        [
            0.5924999713897705,
            0.44999998807907104,
            0.0
        ],
        [
            0.5375000238418579,
            0.39750000834465027,
            0.0
        ],
        [
            0.53125,
            0.29624998569488525,
            0.0
        ],
        [
            0.5325000286102295,
            0.1862500011920929,
            0.0
        ],
        [
            0.48249998688697815,
            0.16875000298023224,
            0.0
        ],
        [
            0.4300000071525574,
            0.1862500011920929,
            0.0
        ]
    ]
}
