{
    "colors": [
        [
            1.0,
            1.0,
            1.0,
            1.0
        ],
        [
            1.0,
            1.0,
            1.0,
            1.0
        ],
        [
            1.0,
            1.0,
            1.0,
            1.0
        ],
        [
            1.0,
            1.0,
            1.0,
            1.0
        ],
        [
            1.0,
            1.0,
            1.0,
            1.0
        ],
        [
            1.0,
            1.0,
            1.0,
            1.0
        ],
        [
            1.0,
            1.0,
            1.0,
            1.0
        ],
        [
            1.0,
            1.0,
            1.0,
            1.0
        ],
        [
            1.0,
            1.0,
            1.0,
            1.0
        ],
        [
            1.0,
            1.0,
            1.0,
            1.0
        ],
        [
            1.0,
            1.0,
            1.0,
            1.0
        ],
        [
            1.0,
            1.0,
            1.0,
            1.0
        ],
        [
            1.0,
            1.0,
            1.0,
            1.0
        ],
        [
            1.0,
            1.0,
            1.0,
            1.0
        ]
    ],
    "parameters": {
        "Bias": 0.0,
        "Continuity": 0.0,
        "Tension": 0.0
    },
    "vertices": [
        [
            0.2162500023841858,
            0.5099999904632568,
            0.0
        ],
        [
            0.3112500011920929,
            0.6937500238418579,
            0.0
        ],
        [
            0.45249998569488525,
            0.6987500190734863,
            0.0
        ],
        [
            0.5849999785423279,
            0.6712499856948853,
            0.0
        ],
        [
            0.6524999737739563,
            0.6825000047683716,
            0.0
        ],
        [
            0.7049999833106995,
            0.6237499713897705,
            0.0
        ],
        [
            0.7137500047683716,
            0.5649999976158142,
            0.0
        ],
        [
            0.7162500023841858,
            0.4925000071525574,
            0.0
        ],
        [
            0.6912500262260437,
            0.4675000011920929,
            0.0
        ],
        [
            0.6237499713897705,
            0.45625001192092896,
            0.0
        ],
        [
            0.5362499952316284,
            0.44624999165534973,
            0.0
        ],
        [
            0.4399999976158142,
            0.4412499964237213,
            0.0
        ],
        [
            0.28125,
            0.4637500047683716,
            0.0
        ],
        [
            0.2150000035762787,
            0.5087500214576721,
            0.0
        ]
    ]
}
